{"environment":"flywheel","phpVersion":"7.2.9","mysqlVersion":"5.7","webServer":"nginx","devMode":true,"multiSite":"no","name":"Minimal","path":"C:\\Users\\ehyttrek\\Local Sites\\minimal","domain":"minimal.local","id":"Xm6Ji_BjY","localVersion":"3.3.0","container":"5cf86f720a72cfbbe5a11437215441b6eabf8c9bca458db7430f2d3100f6fda3","mysql":{"database":"local","user":"root","password":"root"},"ports":{"HTTP":4016,"HTTPS":4017,"MYSQL":4018,"MAILCATCHER":4019},"workspace":null,"environmentVersion":"1.3.2","sslSHA1":"cc51d244347f6aa63e7a2b3a009e01dacb819080"}