{"environment":"flywheel","phpVersion":"7.2.9","mysqlVersion":"5.7","webServer":"nginx","devMode":true,"multiSite":"no","name":"Theme Builder","path":"C:\\Users\\ehyttrek\\Local Sites\\theme-builder","domain":"theme-builder.local","id":"bAJPhT0Qz","localVersion":"3.3.0","container":"369ec302883331dd1a36628a405486b66a61c7caccca5dd4025a05652de6c522","mysql":{"database":"local","user":"root","password":"root"},"ports":{"HTTP":4020,"HTTPS":4021,"MYSQL":4022,"MAILCATCHER":4023},"workspace":null,"environmentVersion":"1.3.2","sslSHA1":"efd1bfa1fb7873bb54c2139f09d9cdb7db7c1516"}